<?xml version="1.0" encoding="UTF-8"?>
<hy-p:Watercourse xmlns:base="urn:x-inspire:specification:gmlas:BaseTypes:3.2" xmlns:gmd="http://www.isotc211.org/2005/gmd" xmlns:gml="http://www.opengis.net/gml/3.2" xmlns:gn="urn:x-inspire:specification:gmlas:GeographicalNames:3.0" xmlns:hy="urn:x-inspire:specification:gmlas:HydroBase:3.0" xmlns:hy-p="urn:x-inspire:specification:gmlas:HydroPhysicalWaters:3.0" xmlns:lc="urn:x-inspire:specification:gmlas:LandCover:0.0" xmlns:gco="http://www.isotc211.org/2005/gco" xmlns:xlink="http://www.w3.org/1999/xlink" xmlns:gsr="http://www.isotc211.org/2005/gsr" xmlns:gts="http://www.isotc211.org/2005/gts" xmlns:sr="urn:x-inspire:specification:gmlas:SeaRegions:0.0" xmlns:net="urn:x-inspire:specification:gmlas:Network:3.2" xmlns:hy-n="urn:x-inspire:specification:gmlas:HydroNetwork:3.0" xmlns:nrz="urn:x-inspire:specification:gmlas:NaturalRiskZones:0.0" xmlns:wfd="urn:x-inspire:specification:gmlas:WaterFrameworkDirective:0.0" xmlns:gss="http://www.isotc211.org/2005/gss" xmlns:xsi="http://www.w3.org/2001/XMLSchema-instance" xsi:schemaLocation="urn:x-inspire:specification:gmlas:BaseTypes:3.2 http://inspire.ec.europa.eu/schemas/base/3.2/BaseTypes.xsd                                  urn:x-inspire:specification:gmlas:HydroPhysicalWaters:3.0 http://inspire.ec.europa.eu/schemas/hy-p/3.0/HydroPhysicalWaters.xsd                                   urn:x-inspire:specification:gmlas:GeographicalNames:3.0 http://inspire.ec.europa.eu/schemas/gn/3.0/GeographicalNames.xsd" gml:id="NL.RWS.NWB.HY-P.19391">
  <gml:identifier codeSpace="http://inspire.jrc.ec.europa.eu/">urn:x-inspire:object:id:NL.RWS.NWB.HY-P.19391</gml:identifier>
  <hy-p:geographicalName nilReason="">
    <gn:GeographicalName>
      <gn:language>NL</gn:language>
      <gn:nativeness>endonym</gn:nativeness>
      <gn:nameStatus nilReason="other:unpopulated" xsi:nil="true"/>
      <gn:sourceOfName>Rijkswaterstaat</gn:sourceOfName>
      <gn:pronunciation nilReason="other:unpopulated" xsi:nil="true"/>
      <gn:spelling>
        <gn:SpellingOfName>
          <gn:text>Toegangsgeul naar Almere-Haven</gn:text>
          <gn:script>Latn</gn:script>
          <gn:transliterationScheme nilReason="other:unpopulated" xsi:nil="true"/>
         </gn:SpellingOfName>
       </gn:spelling>
      <gn:grammaticalGender nilReason="other:unpopulated" xsi:nil="true"/>
      <gn:grammaticalNumber nilReason="other:unpopulated" xsi:nil="true"/>
    </gn:GeographicalName>
  </hy-p:geographicalName>
  <hy-p:hydroId nilReason="other:unpopulated" xsi:nil="true"/>
  <hy-p:relatedHydroObject owns="false" nilReason="" gml:remoteSchema="" xlink:type="simple" xlink:href="" xlink:role="none" xlink:arcrole="none" xlink:title="" xlink:show="none" xlink:actuate="none"/>
  <hy-p:beginLifespanVersion>1998-01-01T00:00:00</hy-p:beginLifespanVersion>
  <hy-p:endLifespanVersion nilReason="other:unpopulated" xsi:nil="true"/>
  <hy-p:geometry nilReason="" gml:remoteSchema="" xlink:type="simple" xlink:href="" xlink:role="none" xlink:arcrole="none" xlink:title="" xlink:show="none" xlink:actuate="none" owns="false">
    <gml:LineString srsName="urn:ogc:def:crs:EPSG::4258" srsDimension="2" gml:id="NL.RWS.NWB.HY-P.19391_L">
      <gml:coordinates>52.3306669755255,5.22018262464868 52.326202417539,5.22182764527848</gml:coordinates>
    </gml:LineString>
  </hy-p:geometry>
  <hy-p:inspireId>
    <base:Identifier>
      <base:localId>19391</base:localId>
      <base:namespace>NL.RWS.NWB.HY-P</base:namespace>
      <base:versionId nilReason="other:unpopulated" xsi:nil="true"/>
    </base:Identifier>
  </hy-p:inspireId>
  <hy-p:localType gco:nilReason="other:unpopulated" xsi:nil="true"/>
  <hy-p:origin nilReason="other:unpopulated" xsi:nil="true"/>
  <hy-p:persistence nilReason="other:unpopulated" xsi:nil="true"/>
  <hy-p:tidal nilReason="other:unpopulated" xsi:nil="true"/>
  <hy-p:bank owns="false" nilReason="" gml:remoteSchema="" xlink:type="simple" xlink:href="" xlink:role="none" xlink:arcrole="none" xlink:title="" xlink:show="none" xlink:actuate="none"/>
  <hy-p:drainsBasin owns="false" nilReason="" gml:remoteSchema="" xlink:type="simple" xlink:href="" xlink:role="none" xlink:arcrole="none" xlink:title="" xlink:show="none" xlink:actuate="none"/>
  <hy-p:neighbour owns="false" nilReason="" gml:remoteSchema="" xlink:type="simple" xlink:href="" xlink:role="none" xlink:arcrole="none" xlink:title="" xlink:show="none" xlink:actuate="none"/>
  <hy-p:condition nilReason="other:unpopulated" xsi:nil="true"/>
  <hy-p:delineationKnown nilReason="other:unpopulated" xsi:nil="true"/>
  <hy-p:length nilReason="" uom="METER">0</hy-p:length>
  <hy-p:level nilReason="other:unpopulated" xsi:nil="true"/>
  <hy-p:streamOrder nilReason="other:unpopulated" xsi:nil="true"/>
  <hy-p:width nilReason="other:unpopulated" xsi:nil="true"/>
</hy-p:Watercourse>
