<base:SpatialDataSet xmlns:gml="http://www.opengis.net/gml/3.2"
            xmlns:gn="urn:x-inspire:specification:gmlas:GeographicalNames:3.0" 
            xmlns:net="urn:x-inspire:specification:gmlas:Network:3.2" 
            xmlns:tn="urn:x-inspire:specification:gmlas:CommonTransportElements:3.0" 
            xmlns:tn-ro="urn:x-inspire:specification:gmlas:RoadTransportNetwork:3.0" 
            xmlns:gco="http://www.isotc211.org/2005/gco" 
            xmlns:xsi="http://www.w3.org/2001/XMLSchema-instance" 
            xmlns:xlink="http://www.w3.org/1999/xlink" 
            xmlns:base="urn:x-inspire:specification:gmlas:BaseTypes:3.2" 
            xmlns:gmd="http://www.isotc211.org/2005/gmd" xmlns:gsr="http://www.isotc211.org/2005/gsr" 
            xmlns:gts="http://www.isotc211.org/2005/gts" xmlns:gss="http://www.isotc211.org/2005/gss"
            xsi:schemaLocation="urn:x-inspire:specification:gmlas:BaseTypes:3.2 http://inspire.ec.europa.eu/schemas/base/3.2/BaseTypes.xsd
                                urn:x-inspire:specification:gmlas:Network:3.2 http://inspire.ec.europa.eu/schemas/net/3.2/Network.xsd
                                urn:x-inspire:specification:gmlas:CommonTransportElements:3.0 http://inspire.ec.europa.eu/schemas/tn/3.0/CommonTransportElements.xsd
                                urn:x-inspire:specification:gmlas:RoadTransportNetwork:3.0 http://inspire.ec.europa.eu/schemas/tn-ro/3.0/RoadTransportNetwork.xsd
                                urn:x-inspire:specification:gmlas:GeographicalNames:3.0 http://inspire.ec.europa.eu/schemas/gn/3.0/GeographicalNames.xsd"
             gml:id="TransportNetwork.1">
  <base:identifier>
    <base:Identifier>
      <base:localId>0</base:localId>
      <base:namespace>NL.RWS.NWB</base:namespace>
      <base:versionId xsi:nil="true" nilReason="other:unpopulated"/>
    </base:Identifier>
  </base:identifier>
  <base:metadata xsi:nil="true"/>
 <base:member>
<tn-ro:NumberOfLanes xmlns:gml="http://www.opengis.net/gml/3.2" xmlns:gts="http://www.isotc211.org/2005/gts" xmlns:gsr="http://www.isotc211.org/2005/gsr" xmlns:gco="http://www.isotc211.org/2005/gco" xmlns:gmd="http://www.isotc211.org/2005/gmd" xmlns:gn="urn:x-inspire:specification:gmlas:GeographicalNames:3.0" xmlns:xlink="http://www.w3.org/1999/xlink" xmlns:gss="http://www.isotc211.org/2005/gss" xmlns:net="urn:x-inspire:specification:gmlas:Network:3.2" xmlns:tn-ro="urn:x-inspire:specification:gmlas:RoadTransportNetwork:3.0" xmlns:base="urn:x-inspire:specification:gmlas:BaseTypes:3.2" xmlns:tn="urn:x-inspire:specification:gmlas:CommonTransportElements:3.0" gml:id="NL.RWS.NWB.TN_RO.12242147.min">
  <gml:identifier codeSpace="http://inspire.jrc.ec.europa.eu/">
           urn:x-inspire:object:id:NL.RWS.NWB.TN-RO.NumberOfLanes.max.12202319
  </gml:identifier>
  <gml:boundedBy xmlns:xsi="http://www.w3.org/2001/XMLSchema-instance" xsi:nil="true" nilReason="other:unpopulated"/>
  <net:networkRef xmlns:xsi="http://www.w3.org/2001/XMLSchema-instance" xsi:nil="true" nilReason="other:unpopulated"/>
  <net:inspireId>
    <base:Identifier>
      <base:localId>max.12202319</base:localId>
      <base:namespace>NL.RWS.NWB.TN-RO.NumberOfLanes</base:namespace>
      <base:versionId>0</base:versionId>
    </base:Identifier>
  </net:inspireId>
  <net:beginLifespanVersion nilReason="">2010-08-01T00:00:00</net:beginLifespanVersion>
  <net:endLifespanVersion xmlns:xsi="http://www.w3.org/2001/XMLSchema-instance" nilReason="other:unpopulated" xsi:nil="true"/>
  <tn:validFrom>2010-08-01T00:00:00</tn:validFrom>
  <tn:validTo xmlns:xsi="http://www.w3.org/2001/XMLSchema-instance" nilReason="other:unpopulated" xsi:nil="true"/>
  <tn-ro:direction nilReason="" codeSpace=""/>
  <tn-ro:minMaxNumberOfLanes>maximum</tn-ro:minMaxNumberOfLanes>
  <tn-ro:numberOfLanes>1</tn-ro:numberOfLanes>
</tn-ro:NumberOfLanes>
 </base:member>
</base:SpatialDataSet>
