<base:SpatialDataSet xmlns:gts="http://www.isotc211.org/2005/gts" 
                                    xmlns:gn="urn:x-inspire:specification:gmlas:GeographicalNames:3.0" 
                                    xmlns:xsi="http://www.w3.org/2001/XMLSchema-instance"
                                    xmlns:gco="http://www.isotc211.org/2005/gco" 
                                    xmlns:gsr="http://www.isotc211.org/2005/gsr" 
                                    xmlns:gss="http://www.isotc211.org/2005/gss"
                                    xmlns:gmd="http://www.isotc211.org/2005/gmd" 
                                    xmlns:xlink="http://www.w3.org/1999/xlink"
                                    xmlns:base="urn:x-inspire:specification:gmlas:BaseTypes:3.2" 
                                    xmlns:gml="http://www.opengis.net/gml/3.2"
             gml:id="GeographicalNames.1">
  <base:identifier>
    <base:Identifier>
      <base:localId>0</base:localId>
      <base:namespace>NL.KAD.TOP10NL</base:namespace>
      <base:versionId xsi:nil="true" nilReason="other:unpopulated"/>
    </base:Identifier>
  </base:identifier>
  <base:metadata xsi:nil="true"/>
 <base:member>
<gn:NamedPlace  gml:id="NL.KAD.TOP10NL.GeographicalNames.118472405">
  <gml:identifier codeSpace="http://inspire.jrc.ec.europa.eu/">
       urn:x-inspire:object:id:NL.KAD.TOP10NL.GeographicalNames.118472405
  </gml:identifier>
  <gn:beginLifespanVersion nilReason="">2010-07-02T19:27:00.000</gn:beginLifespanVersion>
  <gn:geometry>
    <gml:Point srsName="urn:ogc:def:crs:EPSG::4258" srsDimension="2" gml:id="NL.KAD.TOP10NL.GeographicalNames.118472405_P">
      <gml:pos>53.415123005180931 5.7144339226949201</gml:pos>
    </gml:Point>
  </gn:geometry>
  <gn:inspireId>
    <base:Identifier>
      <base:localId>118472405</base:localId>
      <base:namespace>NL.KAD.TOP10NL.GeographicalNames</base:namespace>
      <base:versionId>0</base:versionId>
    </base:Identifier>
  </gn:inspireId>
  <gn:leastDetailedViewingResolution nilReason="other:unpopulated" owns="false">
    <gmd:MD_Resolution>
      <gmd:equivalentScale/>
    </gmd:MD_Resolution>
  </gn:leastDetailedViewingResolution>
  <gn:localType gco:nilReason="other:unpopulated" uuidref="" xlink:type="simple" xlink:href="" xlink:role="none" xlink:arcrole="none" xlink:title="none" xlink:show="none" xlink:actuate="none">
    <gmd:LocalisedCharacterString/>
  </gn:localType>
  <gn:mostDetailedViewingResolution nilReason="other:unpopulated" owns="false">
    <gmd:MD_Resolution>
      <gmd:equivalentScale/>
    </gmd:MD_Resolution>
  </gn:mostDetailedViewingResolution>
  <gn:name>
    <gn:GeographicalName>
      <gn:language>NL</gn:language>
      <gn:nativeness>endonym</gn:nativeness>
      <gn:nameStatus nilReason="other:unpopulated"/>
      <gn:sourceOfName nilReason="">Topografisch basisbestand van TDKadaster als vectorbestand met een gesloten vlakken structuur, opgebouwd uit gecodeerde en onderling verbonden lijnelementen. Objecttypen en attributen zijn middels elementcodering opgeslagen.</gn:sourceOfName>
      <gn:pronunciation xmlns:xsi="http://www.w3.org/2001/XMLSchema-instance" nilReason="other:unpopulated" xsi:nil="true"/>
      <gn:spelling>
        <gn:SpellingOfName>
          <gn:text>Molengat</gn:text>
           <gn:script>Latn</gn:script>
        </gn:SpellingOfName>
      </gn:spelling>
    </gn:GeographicalName>
  </gn:name>
  <gn:type nilReason="" codeSpace="">geul, vaargeul</gn:type>
</gn:NamedPlace>
 </base:member>
</base:SpatialDataSet>
