<?xml version="1.0" encoding="UTF-8"?>
<base:SpatialDataSet xmlns:base="urn:x-inspire:specification:gmlas:BaseTypes:3.2" xmlns:CP="urn:x-inspire:specification:gmlas:CadastralParcels:3.0" xmlns:gmd="http://www.isotc211.org/2005/gmd" xmlns:xlink="http://www.w3.org/1999/xlink" xmlns:xsi="http://www.w3.org/2001/XMLSchema-instance" xmlns:gml="http://www.opengis.net/gml/3.2" xmlns:gml2="http://www.opengis.net/gml" xmlns:ogr="http://ogr.maptools.org/" xmlns:wfs="http://www.opengis.net/wfs" xsi:schemaLocation="urn:x-inspire:specification:gmlas:BaseTypes:3.2 http://schemas.kademo.nl/inspire/v3.0.1/BaseTypes.xsd urn:x-inspire:specification:gmlas:CadastralParcels:3.0 http://schemas.kademo.nl/inspire/v3.0.1/CadastralParcels.xsd" gml:id="NL.KAD.CP">
  <base:identifier>
    <base:Identifier>
      <base:localId>0</base:localId>
      <base:namespace>NL.KAD.CP</base:namespace>
    </base:Identifier>
  </base:identifier>
  <base:metadata xsi:nil="true"/>
  <base:member>
<CP:CadastralParcel gml:id="NL.KAD.CP.NWK01B.03804">
      <gml:identifier codeSpace="http://inspire.jrc.ec.europa.eu/">urn:x-inspire:object:id:NL.KAD.CP.NWK01B.03804</gml:identifier>
      <CP:areaValue uom="m2">19</CP:areaValue>
      <CP:beginLifespanVersion xsi:nil="true" nilReason="other:unpopulated"/>
      <CP:endLifespanVersion xsi:nil="true" nilReason="other:unpopulated"/>
      <CP:geometry>
        <gml:MultiSurface gml:id="MultiSurface_NL.KAD.CP.NWK01B.03804" srsName="urn:ogc:def:crs:EPSG::4258">
          <gml:surfaceMember>
            <gml:Surface gml:id="Surface_NL.KAD.CP.NWK01B.03804.1" srsName="urn:ogc:def:crs:EPSG::4258">
              <gml:patches>
                <gml:PolygonPatch interpolation="planar">
                  <gml:exterior>
                    <gml:LinearRing>
                      <gml:posList srsName="urn:ogc:def:crs:EPSG::4258" srsDimension="2">52.0104603391088 4.2348521759271 52.0104682257918 4.2348451988022 52.0105728476786 4.23473663837636 52.0105824256857 4.23477289744605 52.0104678345095 4.23484730617004 52.0104603391088 4.2348521759271</gml:posList>
                    </gml:LinearRing>
                  </gml:exterior>
                </gml:PolygonPatch>
              </gml:patches>
            </gml:Surface>
          </gml:surfaceMember>
        </gml:MultiSurface>
      </CP:geometry>
      <CP:inspireId>
        <base:Identifier>
          <base:localId>NWK01B.03804</base:localId>
          <base:namespace>NL.KAD.CP</base:namespace>
        </base:Identifier>
      </CP:inspireId>
      <CP:label>NWK01B.03804</CP:label>
      <CP:nationalCadastralReference>NWK01B.03804</CP:nationalCadastralReference>
    </CP:CadastralParcel>
</base:member>
</base:SpatialDataSet>
